Timestamp,Type of mobile,MMSI,Latitude,Longitude,Navigational status,ROT,SOG,COG,Heading,IMO,Callsign,Name,Shiptype,Cargo type,Width,Length,Type of position fixing device,Draught,Destination,ETA,Data source type,A,B,C,D
30/04/2021 14:22:49,,1,4.632256660529079e-05,0.0,,,10.0,0,,,,,,,10,20,,,,,,,,,
30/04/2021 14:22:49,,2,9.264513321058158e-05,0.004491576420597608,,,20.0,0,,,,,,,10,20,,,,,,,,,
30/04/2021 14:22:50,,2,0.00018529026640844094,0.004491576420597608,,,20.0,0,,,,,,,10,20,,,,,,,,,
30/04/2021 14:22:50,,1,9.264513321058158e-05,0.0,,,10.0,0,,,,,,,10,20,,,,,,,,,
30/04/2021 14:22:51,,1,0.00013896769980315015,0.0,,,10.0,0,,,,,,,10,20,,,,,,,,,
30/04/2021 14:22:51,,2,0.0002779353996063003,0.004491576420597608,,,20.0,0,,,,,,,10,20,,,,,,,,,
30/04/2021 14:22:52,,1,0.00018529026640844094,0.0,,,10.0,0,,,,,,,10,20,,,,,,,,,
30/04/2021 14:22:52,,2,0.00037058053280415964,0.004491576420597608,,,20.0,0,,,,,,,10,20,,,,,,,,,
30/04/2021 14:22:53,,1,0.0002316128330010095,0.0,,,10.0,0,,,,,,,10,20,,,,,,,,,
30/04/2021 14:22:53,,2,0.000463225666002019,0.004491576420597608,,,20.0,0,,,,,,,10,20,,,,,,,,,
30/04/2021 14:22:54,,2,0.0005558707991998783,0.004491576420597608,,,20.0,0,,,,,,,10,20,,,,,,,,,
30/04/2021 14:22:54,,1,0.0002779353996063003,0.0,,,10.0,0,,,,,,,10,20,,,,,,,,,
30/04/2021 14:22:55,,2,0.0006485159323977377,0.004491576420597608,,,20.0,0,,,,,,,10,20,,,,,,,,,
30/04/2021 14:22:55,,1,0.00032425796619886885,0.0,,,10.0,0,,,,,,,10,20,,,,,,,,,
30/04/2021 14:22:56,,2,0.0007411610655955972,0.004491576420597608,,,20.0,0,,,,,,,10,20,,,,,,,,,
30/04/2021 14:22:56,,1,0.00037058053280415964,0.0,,,10.0,0,,,,,,,10,20,,,,,,,,,
30/04/2021 14:22:57,,2,0.0008338061987807343,0.004491576420597608,,,20.0,0,,,,,,,10,20,,,,,,,,,
30/04/2021 14:22:57,,1,0.00041690309940945044,0.0,,,10.0,0,,,,,,,10,20,,,,,,,,,
30/04/2021 14:22:58,,2,0.0009264513319913159,0.004491576420597608,,,20.0,0,,,,,,,10,20,,,,,,,,,
30/04/2021 14:22:58,,1,0.000463225666002019,0.0,,,10.0,0,,,,,,,10,20,,,,,,,,,
30/04/2021 14:22:59,,2,0.0010190964651637308,0.004491576420597608,,,20.0,0,,,,,,,10,20,,,,,,,,,
30/04/2021 14:22:59,,1,0.0005095482326073098,0.0,,,10.0,0,,,,,,,10,20,,,,,,,,,
30/04/2021 14:23:00,,2,0.0011117415983615902,0.004491576420597608,,,20.0,0,,,,,,,10,20,,,,,,,,,
30/04/2021 14:23:00,,1,0.0005558707991998783,0.0,,,10.0,0,,,,,,,10,20,,,,,,,,,
30/04/2021 14:23:01,,1,0.0006021933657924469,0.0,,,10.0,0,,,,,,,10,20,,,,,,,,,
30/04/2021 14:23:01,,2,0.0012043867315467273,0.004491576420597608,,,20.0,0,,,,,,,10,20,,,,,,,,,
30/04/2021 14:23:02,,1,0.0006485159323977377,0.0,,,10.0,0,,,,,,,10,20,,,,,,,,,
30/04/2021 14:23:02,,2,0.0012970318647191421,0.004491576420597608,,,20.0,0,,,,,,,10,20,,,,,,,,,
30/04/2021 14:23:03,,1,0.0006948384990030285,0.0,,,10.0,0,,,,,,,10,20,,,,,,,,,
30/04/2021 14:23:03,,2,0.001389676997891557,0.004491576420597608,,,20.0,0,,,,,,,10,20,,,,,,,,,
30/04/2021 14:23:04,,2,0.001482322131063972,0.004491576420597608,,,20.0,0,,,,,,,10,20,,,,,,,,,
30/04/2021 14:23:04,,1,0.0007411610655955972,0.0,,,10.0,0,,,,,,,10,20,,,,,,,,,
30/04/2021 14:23:05,,1,0.0007874836322008878,0.0,,,10.0,0,,,,,,,10,20,,,,,,,,,
30/04/2021 14:23:05,,2,0.0015749672642236647,0.004491576420597608,,,20.0,0,,,,,,,10,20,,,,,,,,,
30/04/2021 14:23:06,,2,0.0016676123973960795,0.004491576420597608,,,20.0,0,,,,,,,10,20,,,,,,,,,
30/04/2021 14:23:06,,1,0.0008338061987807343,0.0,,,10.0,0,,,,,,,10,20,,,,,,,,,
30/04/2021 14:23:07,,1,0.0008801287653733028,0.0,,,10.0,0,,,,,,,10,20,,,,,,,,,
30/04/2021 14:23:07,,2,0.0017602575305557724,0.004491576420597608,,,20.0,0,,,,,,,10,20,,,,,,,,,
30/04/2021 14:23:08,,1,0.0009264513319913159,0.0,,,10.0,0,,,,,,,10,20,,,,,,,,,
30/04/2021 14:23:08,,2,0.001852902663715465,0.004491576420597608,,,20.0,0,,,,,,,10,20,,,,,,,,,
30/04/2021 14:23:09,,2,0.0019455477968624356,0.004491576420597608,,,20.0,0,,,,,,,10,20,,,,,,,,,
30/04/2021 14:23:09,,1,0.0009727738985711622,0.0,,,10.0,0,,,,,,,10,20,,,,,,,,,
30/04/2021 14:23:10,,2,0.002038192930009406,0.004491576420597608,,,20.0,0,,,,,,,10,20,,,,,,,,,
30/04/2021 14:23:10,,1,0.0010190964651637308,0.0,,,10.0,0,,,,,,,10,20,,,,,,,,,
30/04/2021 14:23:11,,1,0.0010654190317562994,0.0,,,10.0,0,,,,,,,10,20,,,,,,,,,
30/04/2021 14:23:11,,2,0.0021308380631436543,0.004491576420597608,,,20.0,0,,,,,,,10,20,,,,,,,,,
30/04/2021 14:23:12,,2,0.002223483196290625,0.004491576420597608,,,20.0,0,,,,,,,10,20,,,,,,,,,
30/04/2021 14:23:12,,1,0.0011117415983615902,0.0,,,10.0,0,,,,,,,10,20,,,,,,,,,
30/04/2021 14:23:13,,2,0.002316128329412151,0.004491576420597608,,,20.0,0,,,,,,,10,20,,,,,,,,,
30/04/2021 14:23:13,,1,0.0011580641649541587,0.0,,,10.0,0,,,,,,,10,20,,,,,,,,,
30/04/2021 14:23:14,,2,0.002408773462546399,0.004491576420597608,,,20.0,0,,,,,,,10,20,,,,,,,,,
30/04/2021 14:23:14,,1,0.0012043867315467273,0.0,,,10.0,0,,,,,,,10,20,,,,,,,,,
30/04/2021 14:23:15,,2,0.0025014185956552027,0.004491576420597608,,,20.0,0,,,,,,,10,20,,,,,,,,,
30/04/2021 14:23:15,,1,0.0012507092981265736,0.0,,,10.0,0,,,,,,,10,20,,,,,,,,,
30/04/2021 14:23:16,,1,0.0012970318647191421,0.0,,,10.0,0,,,,,,,10,20,,,,,,,,,
30/04/2021 14:23:16,,2,0.002594063728764007,0.004491576420597608,,,20.0,0,,,,,,,10,20,,,,,,,,,
30/04/2021 14:23:17,,2,0.0026867088618728104,0.004491576420597608,,,20.0,0,,,,,,,10,20,,,,,,,,,
30/04/2021 14:23:17,,1,0.0013433544312989884,0.0,,,10.0,0,,,,,,,10,20,,,,,,,,,
30/04/2021 14:23:18,,1,0.001389676997891557,0.0,,,10.0,0,,,,,,,10,20,,,,,,,,,
30/04/2021 14:23:18,,2,0.00277935399495617,0.004491576420597608,,,20.0,0,,,,,,,10,20,,,,,,,,,
30/04/2021 14:23:19,,2,0.0028719991280522516,0.004491576420597608,,,20.0,0,,,,,,,10,20,,,,,,,,,
30/04/2021 14:23:19,,1,0.0014359995644841258,0.0,,,10.0,0,,,,,,,10,20,,,,,,,,,
30/04/2021 14:23:20,,2,0.0029646442611356108,0.004491576420597608,,,20.0,0,,,,,,,10,20,,,,,,,,,
30/04/2021 14:23:20,,1,0.001482322131063972,0.0,,,10.0,0,,,,,,,10,20,,,,,,,,,
30/04/2021 14:23:21,,2,0.0030572893942062483,0.004491576420597608,,,20.0,0,,,,,,,10,20,,,,,,,,,
30/04/2021 14:23:21,,1,0.0015286446976438184,0.0,,,10.0,0,,,,,,,10,20,,,,,,,,,
30/04/2021 14:23:22,,2,0.003149934527264163,0.004491576420597608,,,20.0,0,,,,,,,10,20,,,,,,,,,
30/04/2021 14:23:22,,1,0.0015749672642236647,0.0,,,10.0,0,,,,,,,10,20,,,,,,,,,
30/04/2021 14:23:23,,2,0.003242579660322078,0.004491576420597608,,,20.0,0,,,,,,,10,20,,,,,,,,,
30/04/2021 14:23:23,,1,0.0016212898308162332,0.0,,,10.0,0,,,,,,,10,20,,,,,,,,,
30/04/2021 14:23:24,,2,0.003335224793379993,0.004491576420597608,,,20.0,0,,,,,,,10,20,,,,,,,,,
30/04/2021 14:23:24,,1,0.0016676123973960795,0.0,,,10.0,0,,,,,,,10,20,,,,,,,,,
30/04/2021 14:23:25,,1,0.001713934963975926,0.0,,,10.0,0,,,,,,,10,20,,,,,,,,,
30/04/2021 14:23:25,,2,0.0034278699264124637,0.004491576420597608,,,20.0,0,,,,,,,10,20,,,,,,,,,
30/04/2021 14:23:26,,2,0.003520515059444934,0.004491576420597608,,,20.0,0,,,,,,,10,20,,,,,,,,,
30/04/2021 14:23:26,,1,0.0017602575305557724,0.0,,,10.0,0,,,,,,,10,20,,,,,,,,,
30/04/2021 14:23:27,,1,0.0018065800971356187,0.0,,,10.0,0,,,,,,,10,20,,,,,,,,,
30/04/2021 14:23:27,,2,0.0036131601924774045,0.004491576420597608,,,20.0,0,,,,,,,10,20,,,,,,,,,
30/04/2021 14:23:28,,2,0.0037058053254844306,0.004491576420597608,,,20.0,0,,,,,,,10,20,,,,,,,,,
30/04/2021 14:23:28,,1,0.001852902663715465,0.0,,,10.0,0,,,,,,,10,20,,,,,,,,,
30/04/2021 14:23:29,,2,0.0037984504584787347,0.004491576420597608,,,20.0,0,,,,,,,10,20,,,,,,,,,
30/04/2021 14:23:29,,1,0.0018992252302825893,0.0,,,10.0,0,,,,,,,10,20,,,,,,,,,
30/04/2021 14:23:30,,1,0.0019455477968624356,0.0,,,10.0,0,,,,,,,10,20,,,,,,,,,
30/04/2021 14:23:30,,2,0.0038910955914730383,0.004491576420597608,,,20.0,0,,,,,,,10,20,,,,,,,,,
30/04/2021 14:23:31,,2,0.003983740724467342,0.004491576420597608,,,20.0,0,,,,,,,10,20,,,,,,,,,
30/04/2021 14:23:31,,1,0.0019918703634422817,0.0,,,10.0,0,,,,,,,10,20,,,,,,,,,
30/04/2021 14:23:32,,1,0.002038192930009406,0.0,,,10.0,0,,,,,,,10,20,,,,,,,,,
30/04/2021 14:23:32,,2,0.004076385857436202,0.004491576420597608,,,20.0,0,,,,,,,10,20,,,,,,,,,
30/04/2021 14:23:33,,2,0.004169030990392339,0.004491576420597608,,,20.0,0,,,,,,,10,20,,,,,,,,,
30/04/2021 14:23:33,,1,0.0020845154965765302,0.0,,,10.0,0,,,,,,,10,20,,,,,,,,,
30/04/2021 14:23:34,,2,0.004261676123348476,0.004491576420597608,,,20.0,0,,,,,,,10,20,,,,,,,,,
30/04/2021 14:23:34,,1,0.0021308380631436543,0.0,,,10.0,0,,,,,,,10,20,,,,,,,,,
30/04/2021 14:23:35,,2,0.004354321256279168,0.004491576420597608,,,20.0,0,,,,,,,10,20,,,,,,,,,
30/04/2021 14:23:35,,1,0.002177160629723501,0.0,,,10.0,0,,,,,,,10,20,,,,,,,,,
30/04/2021 14:23:36,,2,0.0044469663892098615,0.004491576420597608,,,20.0,0,,,,,,,10,20,,,,,,,,,
30/04/2021 14:23:36,,1,0.002223483196290625,0.0,,,10.0,0,,,,,,,10,20,,,,,,,,,
30/04/2021 14:23:37,,2,0.004539611522140555,0.004491576420597608,,,20.0,0,,,,,,,10,20,,,,,,,,,
30/04/2021 14:23:37,,1,0.002269805762857749,0.0,,,10.0,0,,,,,,,10,20,,,,,,,,,
30/04/2021 14:23:38,,2,0.00463225665503308,0.004491576420597608,,,20.0,0,,,,,,,10,20,,,,,,,,,
30/04/2021 14:23:38,,1,0.002316128329412151,0.0,,,10.0,0,,,,,,,10,20,,,,,,,,,
30/04/2021 14:23:39,,2,0.004724901787938328,0.004491576420597608,,,20.0,0,,,,,,,10,20,,,,,,,,,
30/04/2021 14:23:39,,1,0.002362450895979275,0.0,,,10.0,0,,,,,,,10,20,,,,,,,,,
30/04/2021 14:23:40,,2,0.00481754692080541,0.004491576420597608,,,20.0,0,,,,,,,10,20,,,,,,,,,
30/04/2021 14:23:40,,1,0.002408773462546399,0.0,,,10.0,0,,,,,,,10,20,,,,,,,,,
30/04/2021 14:23:41,,1,0.002455096029100801,0.0,,,10.0,0,,,,,,,10,20,,,,,,,,,
30/04/2021 14:23:41,,2,0.0049101920536724925,0.004491576420597608,,,20.0,0,,,,,,,10,20,,,,,,,,,
30/04/2021 14:23:42,,2,0.005002837186539574,0.004491576420597608,,,20.0,0,,,,,,,10,20,,,,,,,,,
30/04/2021 14:23:42,,1,0.0025014185956552027,0.0,,,10.0,0,,,,,,,10,20,,,,,,,,,
30/04/2021 14:23:43,,2,0.005095482319368488,0.004491576420597608,,,20.0,0,,,,,,,10,20,,,,,,,,,
30/04/2021 14:23:43,,1,0.0025477411622096048,0.0,,,10.0,0,,,,,,,10,20,,,,,,,,,
30/04/2021 14:23:44,,1,0.002594063728764007,0.0,,,10.0,0,,,,,,,10,20,,,,,,,,,
30/04/2021 14:23:44,,2,0.0051881274521974035,0.004491576420597608,,,20.0,0,,,,,,,10,20,,,,,,,,,
30/04/2021 14:23:45,,1,0.002640386295318409,0.0,,,10.0,0,,,,,,,10,20,,,,,,,,,
30/04/2021 14:23:45,,2,0.005280772585026319,0.004491576420597608,,,20.0,0,,,,,,,10,20,,,,,,,,,
30/04/2021 14:23:46,,1,0.0026867088618728104,0.0,,,10.0,0,,,,,,,10,20,,,,,,,,,
30/04/2021 14:23:46,,2,0.005373417717817067,0.004491576420597608,,,20.0,0,,,,,,,10,20,,,,,,,,,
30/04/2021 14:23:47,,1,0.0027330314284144904,0.0,,,10.0,0,,,,,,,10,20,,,,,,,,,
30/04/2021 14:23:47,,2,0.005466062850607816,0.004491576420597608,,,20.0,0,,,,,,,10,20,,,,,,,,,
30/04/2021 14:23:48,,2,0.0055587079833731195,0.004491576420597608,,,20.0,0,,,,,,,10,20,,,,,,,,,
30/04/2021 14:23:48,,1,0.00277935399495617,0.0,,,10.0,0,,,,,,,10,20,,,,,,,,,
30/04/2021 14:23:49,,2,0.005651353116138423,0.004491576420597608,,,20.0,0,,,,,,,10,20,,,,,,,,,
30/04/2021 14:23:49,,1,0.0028256765614978496,0.0,,,10.0,0,,,,,,,10,20,,,,,,,,,
30/04/2021 14:23:50,,2,0.005743998248878283,0.004491576420597608,,,20.0,0,,,,,,,10,20,,,,,,,,,
30/04/2021 14:23:50,,1,0.0028719991280522516,0.0,,,10.0,0,,,,,,,10,20,,,,,,,,,
30/04/2021 14:23:51,,2,0.005836643381618142,0.004491576420597608,,,20.0,0,,,,,,,10,20,,,,,,,,,
30/04/2021 14:23:51,,1,0.002918321694593931,0.0,,,10.0,0,,,,,,,10,20,,,,,,,,,
30/04/2021 14:23:52,,2,0.005929288514319835,0.004491576420597608,,,20.0,0,,,,,,,10,20,,,,,,,,,
30/04/2021 14:23:52,,1,0.0029646442611356108,0.0,,,10.0,0,,,,,,,10,20,,,,,,,,,
30/04/2021 14:23:53,,2,0.006021933647021528,0.004491576420597608,,,20.0,0,,,,,,,10,20,,,,,,,,,
30/04/2021 14:23:53,,1,0.0030109668276772908,0.0,,,10.0,0,,,,,,,10,20,,,,,,,,,
30/04/2021 14:23:54,,2,0.006114578779710498,0.004491576420597608,,,20.0,0,,,,,,,10,20,,,,,,,,,
30/04/2021 14:23:54,,1,0.0030572893942062483,0.0,,,10.0,0,,,,,,,10,20,,,,,,,,,
30/04/2021 14:23:55,,2,0.006207223912374025,0.004491576420597608,,,20.0,0,,,,,,,10,20,,,,,,,,,
30/04/2021 14:23:55,,1,0.003103611960747928,0.0,,,10.0,0,,,,,,,10,20,,,,,,,,,
30/04/2021 14:23:56,,1,0.003149934527264163,0.0,,,10.0,0,,,,,,,10,20,,,,,,,,,
30/04/2021 14:23:56,,2,0.006299869045024829,0.004491576420597608,,,20.0,0,,,,,,,10,20,,,,,,,,,
30/04/2021 14:23:57,,2,0.006392514177650188,0.004491576420597608,,,20.0,0,,,,,,,10,20,,,,,,,,,
30/04/2021 14:23:57,,1,0.003196257093805843,0.0,,,10.0,0,,,,,,,10,20,,,,,,,,,
30/04/2021 14:23:58,,2,0.006485159310262826,0.004491576420597608,,,20.0,0,,,,,,,10,20,,,,,,,,,
30/04/2021 14:23:58,,1,0.003242579660322078,0.0,,,10.0,0,,,,,,,10,20,,,,,,,,,
30/04/2021 14:23:59,,2,0.006577804442862741,0.004491576420597608,,,20.0,0,,,,,,,10,20,,,,,,,,,
30/04/2021 14:23:59,,1,0.0032889022268637576,0.0,,,10.0,0,,,,,,,10,20,,,,,,,,,
30/04/2021 14:24:00,,2,0.0066704495754499335,0.004491576420597608,,,20.0,0,,,,,,,10,20,,,,,,,,,
30/04/2021 14:24:00,,1,0.003335224793379993,0.0,,,10.0,0,,,,,,,10,20,,,,,,,,,
30/04/2021 14:24:01,,2,0.006763094708011682,0.004491576420597608,,,20.0,0,,,,,,,10,20,,,,,,,,,
30/04/2021 14:24:01,,1,0.003381547359896228,0.0,,,10.0,0,,,,,,,10,20,,,,,,,,,
30/04/2021 14:24:02,,2,0.006855739840560708,0.004491576420597608,,,20.0,0,,,,,,,10,20,,,,,,,,,
30/04/2021 14:24:02,,1,0.0034278699264124637,0.0,,,10.0,0,,,,,,,10,20,,,,,,,,,
30/04/2021 14:24:03,,1,0.003474192492928699,0.0,,,10.0,0,,,,,,,10,20,,,,,,,,,
30/04/2021 14:24:03,,2,0.006948384973097012,0.004491576420597608,,,20.0,0,,,,,,,10,20,,,,,,,,,
30/04/2021 14:24:04,,2,0.007041030105607872,0.004491576420597608,,,20.0,0,,,,,,,10,20,,,,,,,,,
30/04/2021 14:24:04,,1,0.003520515059444934,0.0,,,10.0,0,,,,,,,10,20,,,,,,,,,
30/04/2021 14:24:05,,2,0.007133675238106009,0.004491576420597608,,,20.0,0,,,,,,,10,20,,,,,,,,,
30/04/2021 14:24:05,,1,0.0035668376259611694,0.0,,,10.0,0,,,,,,,10,20,,,,,,,,,
30/04/2021 14:24:06,,1,0.0036131601924774045,0.0,,,10.0,0,,,,,,,10,20,,,,,,,,,
30/04/2021 14:24:06,,2,0.007226320370565979,0.004491576420597608,,,20.0,0,,,,,,,10,20,,,,,,,,,
30/04/2021 14:24:07,,1,0.0036594827589809175,0.0,,,10.0,0,,,,,,,10,20,,,,,,,,,
30/04/2021 14:24:07,,2,0.00731896550302595,0.004491576420597608,,,20.0,0,,,,,,,10,20,,,,,,,,,
30/04/2021 14:24:08,,1,0.0037058053254844306,0.0,,,10.0,0,,,,,,,10,20,,,,,,,,,
30/04/2021 14:24:08,,2,0.007411610635473199,0.004491576420597608,,,20.0,0,,,,,,,10,20,,,,,,,,,
30/04/2021 14:24:09,,1,0.0037521278919879436,0.0,,,10.0,0,,,,,,,10,20,,,,,,,,,
30/04/2021 14:24:09,,2,0.007504255767869558,0.004491576420597608,,,20.0,0,,,,,,,10,20,,,,,,,,,
30/04/2021 14:24:10,,1,0.0037984504584787347,0.0,,,10.0,0,,,,,,,10,20,,,,,,,,,
30/04/2021 14:24:10,,2,0.00759690090027864,0.004491576420597608,,,20.0,0,,,,,,,10,20,,,,,,,,,
30/04/2021 14:24:11,,2,0.007689546032662278,0.004491576420597608,,,20.0,0,,,,,,,10,20,,,,,,,,,
30/04/2021 14:24:11,,1,0.0038447730249822477,0.0,,,10.0,0,,,,,,,10,20,,,,,,,,,
30/04/2021 14:24:12,,2,0.007782191165007748,0.004491576420597608,,,20.0,0,,,,,,,10,20,,,,,,,,,
30/04/2021 14:24:12,,1,0.0038910955914730383,0.0,,,10.0,0,,,,,,,10,20,,,,,,,,,
30/04/2021 14:24:13,,2,0.007874836297340497,0.004491576420597608,,,20.0,0,,,,,,,10,20,,,,,,,,,
30/04/2021 14:24:13,,1,0.003937418157976552,0.0,,,10.0,0,,,,,,,10,20,,,,,,,,,
30/04/2021 14:24:14,,1,0.003983740724467342,0.0,,,10.0,0,,,,,,,10,20,,,,,,,,,
30/04/2021 14:24:14,,2,0.007967481429660523,0.004491576420597608,,,20.0,0,,,,,,,10,20,,,,,,,,,
30/04/2021 14:24:15,,2,0.008060126561955105,0.004491576420597608,,,20.0,0,,,,,,,10,20,,,,,,,,,
30/04/2021 14:24:15,,1,0.0040300632909454105,0.0,,,10.0,0,,,,,,,10,20,,,,,,,,,
30/04/2021 14:24:16,,1,0.004076385857436202,0.0,,,10.0,0,,,,,,,10,20,,,,,,,,,
30/04/2021 14:24:16,,2,0.008152771694236964,0.004491576420597608,,,20.0,0,,,,,,,10,20,,,,,,,,,
30/04/2021 14:24:17,,2,0.00824541682649338,0.004491576420597608,,,20.0,0,,,,,,,10,20,,,,,,,,,
30/04/2021 14:24:17,,1,0.00412270842391427,0.0,,,10.0,0,,,,,,,10,20,,,,,,,,,
30/04/2021 14:24:18,,2,0.00833806195872435,0.004491576420597608,,,20.0,0,,,,,,,10,20,,,,,,,,,
30/04/2021 14:24:18,,1,0.004169030990392339,0.0,,,10.0,0,,,,,,,10,20,,,,,,,,,
30/04/2021 14:24:19,,2,0.008430707090929877,0.004491576420597608,,,20.0,0,,,,,,,10,20,,,,,,,,,
30/04/2021 14:24:19,,1,0.004215353556870407,0.0,,,10.0,0,,,,,,,10,20,,,,,,,,,
30/04/2021 14:24:20,,2,0.008523352223109959,0.004491576420597608,,,20.0,0,,,,,,,10,20,,,,,,,,,
30/04/2021 14:24:20,,1,0.004261676123348476,0.0,,,10.0,0,,,,,,,10,20,,,,,,,,,
30/04/2021 14:24:21,,1,0.004307998689813823,0.0,,,10.0,0,,,,,,,10,20,,,,,,,,,
30/04/2021 14:24:21,,2,0.00861599735529004,0.004491576420597608,,,20.0,0,,,,,,,10,20,,,,,,,,,
30/04/2021 14:24:22,,2,0.008708642487431955,0.004491576420597608,,,20.0,0,,,,,,,10,20,,,,,,,,,
30/04/2021 14:24:22,,1,0.004354321256279168,0.0,,,10.0,0,,,,,,,10,20,,,,,,,,,
30/04/2021 14:24:23,,1,0.004400643822744515,0.0,,,10.0,0,,,,,,,10,20,,,,,,,,,
30/04/2021 14:24:23,,2,0.008801287619535704,0.004491576420597608,,,20.0,0,,,,,,,10,20,,,,,,,,,
30/04/2021 14:24:24,,2,0.008893932751639452,0.004491576420597608,,,20.0,0,,,,,,,10,20,,,,,,,,,
30/04/2021 14:24:24,,1,0.0044469663892098615,0.0,,,10.0,0,,,,,,,10,20,,,,,,,,,
30/04/2021 14:24:25,,1,0.004493288955675208,0.0,,,10.0,0,,,,,,,10,20,,,,,,,,,
30/04/2021 14:24:25,,2,0.008986577883717756,0.004491576420597608,,,20.0,0,,,,,,,10,20,,,,,,,,,
30/04/2021 14:24:26,,1,0.004539611522140555,0.0,,,10.0,0,,,,,,,10,20,,,,,,,,,
30/04/2021 14:24:26,,2,0.009079223015757894,0.004491576420597608,,,20.0,0,,,,,,,10,20,,,,,,,,,
30/04/2021 14:24:27,,2,0.00917186814778531,0.004491576420597608,,,20.0,0,,,,,,,10,20,,,,,,,,,
30/04/2021 14:24:27,,1,0.004585934088593179,0.0,,,10.0,0,,,,,,,10,20,,,,,,,,,
30/04/2021 14:24:28,,2,0.00926451327978728,0.004491576420597608,,,20.0,0,,,,,,,10,20,,,,,,,,,
30/04/2021 14:24:28,,1,0.00463225665503308,0.0,,,10.0,0,,,,,,,10,20,,,,,,,,,
30/04/2021 14:24:29,,2,0.009357158411776529,0.004491576420597608,,,20.0,0,,,,,,,10,20,,,,,,,,,
30/04/2021 14:24:29,,1,0.004678579221485704,0.0,,,10.0,0,,,,,,,10,20,,,,,,,,,
30/04/2021 14:24:30,,2,0.009449803543727611,0.004491576420597608,,,20.0,0,,,,,,,10,20,,,,,,,,,
30/04/2021 14:24:30,,1,0.004724901787938328,0.0,,,10.0,0,,,,,,,10,20,,,,,,,,,
30/04/2021 14:24:31,,2,0.009542448675653249,0.004491576420597608,,,20.0,0,,,,,,,10,20,,,,,,,,,
30/04/2021 14:24:31,,1,0.004771224354365508,0.0,,,10.0,0,,,,,,,10,20,,,,,,,,,
30/04/2021 14:24:32,,2,0.009635093807566164,0.004491576420597608,,,20.0,0,,,,,,,10,20,,,,,,,,,
30/04/2021 14:24:32,,1,0.00481754692080541,0.0,,,10.0,0,,,,,,,10,20,,,,,,,,,
30/04/2021 14:24:33,,2,0.009727738939440912,0.004491576420597608,,,20.0,0,,,,,,,10,20,,,,,,,,,
30/04/2021 14:24:33,,1,0.0048638694872453125,0.0,,,10.0,0,,,,,,,10,20,,,,,,,,,
30/04/2021 14:24:34,,1,0.0049101920536724925,0.0,,,10.0,0,,,,,,,10,20,,,,,,,,,
30/04/2021 14:24:34,,2,0.009820384071290216,0.004491576420597608,,,20.0,0,,,,,,,10,20,,,,,,,,,
30/04/2021 14:24:35,,1,0.004956514620112394,0.0,,,10.0,0,,,,,,,10,20,,,,,,,,,
30/04/2021 14:24:35,,2,0.009913029203126799,0.004491576420597608,,,20.0,0,,,,,,,10,20,,,,,,,,,
30/04/2021 14:24:36,,2,0.010005674334925213,0.004491576420597608,,,20.0,0,,,,,,,10,20,,,,,,,,,
30/04/2021 14:24:36,,1,0.005002837186539574,0.0,,,10.0,0,,,,,,,10,20,,,,,,,,,
30/04/2021 14:24:37,,2,0.010098319466698185,0.004491576420597608,,,20.0,0,,,,,,,10,20,,,,,,,,,
30/04/2021 14:24:37,,1,0.005049159752954032,0.0,,,10.0,0,,,,,,,10,20,,,,,,,,,
30/04/2021 14:24:38,,2,0.010190964598445712,0.004491576420597608,,,20.0,0,,,,,,,10,20,,,,,,,,,
30/04/2021 14:24:38,,1,0.005095482319368488,0.0,,,10.0,0,,,,,,,10,20,,,,,,,,,
30/04/2021 14:24:39,,2,0.010283609730167793,0.004491576420597608,,,20.0,0,,,,,,,10,20,,,,,,,,,
30/04/2021 14:24:39,,1,0.005141804885795668,0.0,,,10.0,0,,,,,,,10,20,,,,,,,,,
30/04/2021 14:24:40,,2,0.01037625486186443,0.004491576420597608,,,20.0,0,,,,,,,10,20,,,,,,,,,
30/04/2021 14:24:40,,1,0.0051881274521974035,0.0,,,10.0,0,,,,,,,10,20,,,,,,,,,
30/04/2021 14:24:41,,2,0.010468899993535624,0.004491576420597608,,,20.0,0,,,,,,,10,20,,,,,,,,,
30/04/2021 14:24:41,,1,0.005234450018611861,0.0,,,10.0,0,,,,,,,10,20,,,,,,,,,
30/04/2021 14:24:42,,2,0.01056154512516865,0.004491576420597608,,,20.0,0,,,,,,,10,20,,,,,,,,,
30/04/2021 14:24:42,,1,0.005280772585026319,0.0,,,10.0,0,,,,,,,10,20,,,,,,,,,
30/04/2021 14:24:43,,2,0.010654190256788954,0.004491576420597608,,,20.0,0,,,,,,,10,20,,,,,,,,,
30/04/2021 14:24:43,,1,0.0053270951514280546,0.0,,,10.0,0,,,,,,,10,20,,,,,,,,,
30/04/2021 14:24:44,,2,0.010746835388371092,0.004491576420597608,,,20.0,0,,,,,,,10,20,,,,,,,,,
30/04/2021 14:24:44,,1,0.005373417717817067,0.0,,,10.0,0,,,,,,,10,20,,,,,,,,,
30/04/2021 14:24:45,,2,0.010839480519940508,0.004491576420597608,,,20.0,0,,,,,,,10,20,,,,,,,,,
30/04/2021 14:24:45,,1,0.005419740284218802,0.0,,,10.0,0,,,,,,,10,20,,,,,,,,,
30/04/2021 14:24:46,,2,0.010932125651459033,0.004491576420597608,,,20.0,0,,,,,,,10,20,,,,,,,,,
30/04/2021 14:24:46,,1,0.005466062850607816,0.0,,,10.0,0,,,,,,,10,20,,,,,,,,,
30/04/2021 14:24:47,,2,0.011024770782964839,0.004491576420597608,,,20.0,0,,,,,,,10,20,,,,,,,,,
30/04/2021 14:24:47,,1,0.005512385416996828,0.0,,,10.0,0,,,,,,,10,20,,,,,,,,,
30/04/2021 14:24:48,,1,0.0055587079833731195,0.0,,,10.0,0,,,,,,,10,20,,,,,,,,,
30/04/2021 14:24:48,,2,0.011117415914445197,0.004491576420597608,,,20.0,0,,,,,,,10,20,,,,,,,,,
30/04/2021 14:24:49,,2,0.011210061045887391,0.004491576420597608,,,20.0,0,,,,,,,10,20,,,,,,,,,
30/04/2021 14:24:49,,1,0.005605030549762133,0.0,,,10.0,0,,,,,,,10,20,,,,,,,,,
30/04/2021 14:24:50,,2,0.011302706177291417,0.004491576420597608,,,20.0,0,,,,,,,10,20,,,,,,,,,
30/04/2021 14:24:50,,1,0.005651353116138423,0.0,,,10.0,0,,,,,,,10,20,,,,,,,,,
30/04/2021 14:24:51,,2,0.011395351308682721,0.004491576420597608,,,20.0,0,,,,,,,10,20,,,,,,,,,
30/04/2021 14:24:51,,1,0.005697675682514714,0.0,,,10.0,0,,,,,,,10,20,,,,,,,,,
30/04/2021 14:24:52,,2,0.011487996440035859,0.004491576420597608,,,20.0,0,,,,,,,10,20,,,,,,,,,
30/04/2021 14:24:52,,1,0.005743998248878283,0.0,,,10.0,0,,,,,,,10,20,,,,,,,,,
30/04/2021 14:24:53,,2,0.01158064157135083,0.004491576420597608,,,20.0,0,,,,,,,10,20,,,,,,,,,
30/04/2021 14:24:53,,1,0.005790320815254574,0.0,,,10.0,0,,,,,,,10,20,,,,,,,,,
30/04/2021 14:24:54,,2,0.01167328670265308,0.004491576420597608,,,20.0,0,,,,,,,10,20,,,,,,,,,
30/04/2021 14:24:54,,1,0.005836643381618142,0.0,,,10.0,0,,,,,,,10,20,,,,,,,,,
30/04/2021 14:24:55,,2,0.011765931833917161,0.004491576420597608,,,20.0,0,,,,,,,10,20,,,,,,,,,
30/04/2021 14:24:55,,1,0.0058829659479689884,0.0,,,10.0,0,,,,,,,10,20,,,,,,,,,
30/04/2021 14:24:56,,1,0.005929288514319835,0.0,,,10.0,0,,,,,,,10,20,,,,,,,,,
30/04/2021 14:24:56,,2,0.011858576965155798,0.004491576420597608,,,20.0,0,,,,,,,10,20,,,,,,,,,
30/04/2021 14:24:57,,2,0.01195122209635627,0.004491576420597608,,,20.0,0,,,,,,,10,20,,,,,,,,,
30/04/2021 14:24:57,,1,0.0059756110806706815,0.0,,,10.0,0,,,,,,,10,20,,,,,,,,,
30/04/2021 14:24:58,,1,0.006021933647021528,0.0,,,10.0,0,,,,,,,10,20,,,,,,,,,
30/04/2021 14:24:58,,2,0.012043867227518575,0.004491576420597608,,,20.0,0,,,,,,,10,20,,,,,,,,,
30/04/2021 14:24:59,,2,0.012136512358668156,0.004491576420597608,,,20.0,0,,,,,,,10,20,,,,,,,,,
30/04/2021 14:24:59,,1,0.006068256213372375,0.0,,,10.0,0,,,,,,,10,20,,,,,,,,,
30/04/2021 14:25:00,,2,0.01222915748976685,0.004491576420597608,,,20.0,0,,,,,,,10,20,,,,,,,,,
30/04/2021 14:25:00,,1,0.006114578779710498,0.0,,,10.0,0,,,,,,,10,20,,,,,,,,,
30/04/2021 14:25:01,,1,0.0061609013460359,0.0,,,10.0,0,,,,,,,10,20,,,,,,,,,
30/04/2021 14:25:01,,2,0.012321802620840098,0.004491576420597608,,,20.0,0,,,,,,,10,20,,,,,,,,,
30/04/2021 14:25:02,,1,0.006207223912374025,0.0,,,10.0,0,,,,,,,10,20,,,,,,,,,
30/04/2021 14:25:02,,2,0.012414447751887903,0.004491576420597608,,,20.0,0,,,,,,,10,20,,,,,,,,,
30/04/2021 14:25:03,,1,0.006253546478699427,0.0,,,10.0,0,,,,,,,10,20,,,,,,,,,
30/04/2021 14:25:03,,2,0.012507092882884818,0.004491576420597608,,,20.0,0,,,,,,,10,20,,,,,,,,,
30/04/2021 14:25:04,,1,0.006299869045024829,0.0,,,10.0,0,,,,,,,10,20,,,,,,,,,
30/04/2021 14:25:04,,2,0.012599738013881734,0.004491576420597608,,,20.0,0,,,,,,,10,20,,,,,,,,,
30/04/2021 14:25:05,,1,0.0063461916113375086,0.0,,,10.0,0,,,,,,,10,20,,,,,,,,,
30/04/2021 14:25:05,,2,0.012692383144815038,0.004491576420597608,,,20.0,0,,,,,,,10,20,,,,,,,,,
30/04/2021 14:25:06,,1,0.006392514177650188,0.0,,,10.0,0,,,,,,,10,20,,,,,,,,,
30/04/2021 14:25:06,,2,0.01278502827573562,0.004491576420597608,,,20.0,0,,,,,,,10,20,,,,,,,,,
30/04/2021 14:25:07,,1,0.006438836743962868,0.0,,,10.0,0,,,,,,,10,20,,,,,,,,,
30/04/2021 14:25:07,,2,0.012877673406605315,0.004491576420597608,,,20.0,0,,,,,,,10,20,,,,,,,,,
30/04/2021 14:25:08,,1,0.006485159310262826,0.0,,,10.0,0,,,,,,,10,20,,,,,,,,,
30/04/2021 14:25:08,,2,0.012970318537449562,0.004491576420597608,,,20.0,0,,,,,,,10,20,,,,,,,,,
30/04/2021 14:25:09,,1,0.006531481876562783,0.0,,,10.0,0,,,,,,,10,20,,,,,,,,,
30/04/2021 14:25:09,,2,0.013062963668268368,0.004491576420597608,,,20.0,0,,,,,,,10,20,,,,,,,,,
30/04/2021 14:25:10,,2,0.013155608799036283,0.004491576420597608,,,20.0,0,,,,,,,10,20,,,,,,,,,
30/04/2021 14:25:10,,1,0.006577804442862741,0.0,,,10.0,0,,,,,,,10,20,,,,,,,,,
30/04/2021 14:25:11,,2,0.013248253929778754,0.004491576420597608,,,20.0,0,,,,,,,10,20,,,,,,,,,
30/04/2021 14:25:11,,1,0.006624127009162698,0.0,,,10.0,0,,,,,,,10,20,,,,,,,,,
30/04/2021 14:25:12,,1,0.0066704495754499335,0.0,,,10.0,0,,,,,,,10,20,,,,,,,,,
30/04/2021 14:25:12,,2,0.01334089906048306,0.004491576420597608,,,20.0,0,,,,,,,10,20,,,,,,,,,
30/04/2021 14:25:13,,1,0.006716772141737169,0.0,,,10.0,0,,,,,,,10,20,,,,,,,,,
30/04/2021 14:25:13,,2,0.013433544191161918,0.004491576420597608,,,20.0,0,,,,,,,10,20,,,,,,,,,
30/04/2021 14:25:14,,1,0.006763094708011682,0.0,,,10.0,0,,,,,,,10,20,,,,,,,,,
30/04/2021 14:25:14,,2,0.013526189321802612,0.004491576420597608,,,20.0,0,,,,,,,10,20,,,,,,,,,
30/04/2021 14:25:15,,2,0.01361883445240514,0.004491576420597608,,,20.0,0,,,,,,,10,20,,,,,,,,,
30/04/2021 14:25:15,,1,0.006809417274286195,0.0,,,10.0,0,,,,,,,10,20,,,,,,,,,
30/04/2021 14:25:16,,1,0.006855739840560708,0.0,,,10.0,0,,,,,,,10,20,,,,,,,,,
30/04/2021 14:25:16,,2,0.0137114795829695,0.004491576420597608,,,20.0,0,,,,,,,10,20,,,,,,,,,
30/04/2021 14:25:17,,2,0.013804124713495692,0.004491576420597608,,,20.0,0,,,,,,,10,20,,,,,,,,,
30/04/2021 14:25:17,,1,0.006902062406822499,0.0,,,10.0,0,,,,,,,10,20,,,,,,,,,
30/04/2021 14:25:18,,2,0.013896769843996442,0.004491576420597608,,,20.0,0,,,,,,,10,20,,,,,,,,,
30/04/2021 14:25:18,,1,0.006948384973097012,0.0,,,10.0,0,,,,,,,10,20,,,,,,,,,
30/04/2021 14:25:19,,1,0.0069947075393588035,0.0,,,10.0,0,,,,,,,10,20,,,,,,,,,
30/04/2021 14:25:19,,2,0.013989414974459024,0.004491576420597608,,,20.0,0,,,,,,,10,20,,,,,,,,,
30/04/2021 14:25:20,,2,0.014082060104870717,0.004491576420597608,,,20.0,0,,,,,,,10,20,,,,,,,,,
30/04/2021 14:25:20,,1,0.007041030105607872,0.0,,,10.0,0,,,,,,,10,20,,,,,,,,,
30/04/2021 14:25:21,,1,0.007087352671856941,0.0,,,10.0,0,,,,,,,10,20,,,,,,,,,
30/04/2021 14:25:21,,2,0.014174705235256966,0.004491576420597608,,,20.0,0,,,,,,,10,20,,,,,,,,,
30/04/2021 14:25:22,,2,0.01426735036561777,0.004491576420597608,,,20.0,0,,,,,,,10,20,,,,,,,,,
30/04/2021 14:25:22,,1,0.007133675238106009,0.0,,,10.0,0,,,,,,,10,20,,,,,,,,,
30/04/2021 14:25:23,,1,0.007179997804342355,0.0,,,10.0,0,,,,,,,10,20,,,,,,,,,
30/04/2021 14:25:23,,2,0.014359995495914964,0.004491576420597608,,,20.0,0,,,,,,,10,20,,,,,,,,,
30/04/2021 14:25:24,,1,0.007226320370565979,0.0,,,10.0,0,,,,,,,10,20,,,,,,,,,
30/04/2021 14:25:24,,2,0.014452640626199435,0.004491576420597608,,,20.0,0,,,,,,,10,20,,,,,,,,,
30/04/2021 14:25:25,,1,0.007272642936802326,0.0,,,10.0,0,,,,,,,10,20,,,,,,,,,
30/04/2021 14:25:25,,2,0.014545285756433018,0.004491576420597608,,,20.0,0,,,,,,,10,20,,,,,,,,,
30/04/2021 14:25:26,,2,0.014637930886628434,0.004491576420597608,,,20.0,0,,,,,,,10,20,,,,,,,,,
30/04/2021 14:25:26,,1,0.00731896550302595,0.0,,,10.0,0,,,,,,,10,20,,,,,,,,,
30/04/2021 14:25:27,,2,0.014730576016785683,0.004491576420597608,,,20.0,0,,,,,,,10,20,,,,,,,,,
30/04/2021 14:25:27,,1,0.007365288069249574,0.0,,,10.0,0,,,,,,,10,20,,,,,,,,,
30/04/2021 14:25:28,,2,0.014823221146904765,0.004491576420597608,,,20.0,0,,,,,,,10,20,,,,,,,,,
30/04/2021 14:25:28,,1,0.007411610635473199,0.0,,,10.0,0,,,,,,,10,20,,,,,,,,,
30/04/2021 14:25:29,,2,0.01491586627698568,0.004491576420597608,,,20.0,0,,,,,,,10,20,,,,,,,,,
30/04/2021 14:25:29,,1,0.007457933201671378,0.0,,,10.0,0,,,,,,,10,20,,,,,,,,,
30/04/2021 14:25:30,,1,0.007504255767869558,0.0,,,10.0,0,,,,,,,10,20,,,,,,,,,
30/04/2021 14:25:30,,2,0.01500851140702843,0.004491576420597608,,,20.0,0,,,,,,,10,20,,,,,,,,,
30/04/2021 14:25:31,,2,0.015101156537033013,0.004491576420597608,,,20.0,0,,,,,,,10,20,,,,,,,,,
30/04/2021 14:25:31,,1,0.007550578334080461,0.0,,,10.0,0,,,,,,,10,20,,,,,,,,,
30/04/2021 14:25:32,,1,0.00759690090027864,0.0,,,10.0,0,,,,,,,10,20,,,,,,,,,
30/04/2021 14:25:32,,2,0.015193801666986705,0.004491576420597608,,,20.0,0,,,,,,,10,20,,,,,,,,,
30/04/2021 14:25:33,,2,0.015286446796914955,0.004491576420597608,,,20.0,0,,,,,,,10,20,,,,,,,,,
30/04/2021 14:25:33,,1,0.007643223466464098,0.0,,,10.0,0,,,,,,,10,20,,,,,,,,,
30/04/2021 14:25:34,,1,0.007689546032662278,0.0,,,10.0,0,,,,,,,10,20,,,,,,,,,
30/04/2021 14:25:34,,2,0.015379091926805038,0.004491576420597608,,,20.0,0,,,,,,,10,20,,,,,,,,,
30/04/2021 14:25:35,,1,0.007735868598835013,0.0,,,10.0,0,,,,,,,10,20,,,,,,,,,
30/04/2021 14:25:35,,2,0.015471737056644232,0.004491576420597608,,,20.0,0,,,,,,,10,20,,,,,,,,,
30/04/2021 14:25:36,,1,0.007782191165007748,0.0,,,10.0,0,,,,,,,10,20,,,,,,,,,
30/04/2021 14:25:36,,2,0.015564382186457981,0.004491576420597608,,,20.0,0,,,,,,,10,20,,,,,,,,,
30/04/2021 14:25:37,,2,0.01565702731620812,0.004491576420597608,,,20.0,0,,,,,,,10,20,,,,,,,,,
30/04/2021 14:25:37,,1,0.007828513731180483,0.0,,,10.0,0,,,,,,,10,20,,,,,,,,,
30/04/2021 14:25:38,,1,0.007874836297340497,0.0,,,10.0,0,,,,,,,10,20,,,,,,,,,
30/04/2021 14:25:38,,2,0.01574967244593281,0.004491576420597608,,,20.0,0,,,,,,,10,20,,,,,,,,,
30/04/2021 14:25:39,,1,0.007921158863513232,0.0,,,10.0,0,,,,,,,10,20,,,,,,,,,
30/04/2021 14:25:39,,2,0.01584231757561934,0.004491576420597608,,,20.0,0,,,,,,,10,20,,,,,,,,,
30/04/2021 14:25:40,,2,0.015934962705254976,0.004491576420597608,,,20.0,0,,,,,,,10,20,,,,,,,,,
30/04/2021 14:25:40,,1,0.007967481429660523,0.0,,,10.0,0,,,,,,,10,20,,,,,,,,,
30/04/2021 14:25:41,,2,0.01602760783485245,0.004491576420597608,,,20.0,0,,,,,,,10,20,,,,,,,,,
30/04/2021 14:25:41,,1,0.008013803995820535,0.0,,,10.0,0,,,,,,,10,20,,,,,,,,,
30/04/2021 14:25:42,,1,0.008060126561955105,0.0,,,10.0,0,,,,,,,10,20,,,,,,,,,
30/04/2021 14:25:42,,2,0.016120252964411753,0.004491576420597608,,,20.0,0,,,,,,,10,20,,,,,,,,,
30/04/2021 14:25:43,,1,0.008106449128102395,0.0,,,10.0,0,,,,,,,10,20,,,,,,,,,
30/04/2021 14:25:43,,2,0.01621289809392017,0.004491576420597608,,,20.0,0,,,,,,,10,20,,,,,,,,,
30/04/2021 14:25:44,,1,0.008152771694236964,0.0,,,10.0,0,,,,,,,10,20,,,,,,,,,
30/04/2021 14:25:44,,2,0.01630554322339042,0.004491576420597608,,,20.0,0,,,,,,,10,20,,,,,,,,,
30/04/2021 14:25:45,,2,0.0163981883528225,0.004491576420597608,,,20.0,0,,,,,,,10,20,,,,,,,,,
30/04/2021 14:25:45,,1,0.008199094260358811,0.0,,,10.0,0,,,,,,,10,20,,,,,,,,,
30/04/2021 14:25:46,,1,0.00824541682649338,0.0,,,10.0,0,,,,,,,10,20,,,,,,,,,
30/04/2021 14:25:46,,2,0.016490833482203694,0.004491576420597608,,,20.0,0,,,,,,,10,20,,,,,,,,,
30/04/2021 14:25:47,,1,0.008291739392602504,0.0,,,10.0,0,,,,,,,10,20,,,,,,,,,
30/04/2021 14:25:47,,2,0.016583478611559444,0.004491576420597608,,,20.0,0,,,,,,,10,20,,,,,,,,,
30/04/2021 14:25:48,,2,0.016676123740851582,0.004491576420597608,,,20.0,0,,,,,,,10,20,,,,,,,,,
30/04/2021 14:25:48,,1,0.00833806195872435,0.0,,,10.0,0,,,,,,,10,20,,,,,,,,,
30/04/2021 14:25:49,,1,0.008384384524833475,0.0,,,10.0,0,,,,,,,10,20,,,,,,,,,
30/04/2021 14:25:49,,2,0.016768768870105553,0.004491576420597608,,,20.0,0,,,,,,,10,20,,,,,,,,,
30/04/2021 14:25:50,,1,0.008430707090929877,0.0,,,10.0,0,,,,,,,10,20,,,,,,,,,
30/04/2021 14:25:50,,2,0.01686141399932136,0.004491576420597608,,,20.0,0,,,,,,,10,20,,,,,,,,,
30/04/2021 14:25:51,,1,0.00847702965702628,0.0,,,10.0,0,,,,,,,10,20,,,,,,,,,
30/04/2021 14:25:51,,2,0.016954059128486274,0.004491576420597608,,,20.0,0,,,,,,,10,20,,,,,,,,,
30/04/2021 14:25:52,,1,0.008523352223109959,0.0,,,10.0,0,,,,,,,10,20,,,,,,,,,
30/04/2021 14:25:52,,2,0.017046704257613024,0.004491576420597608,,,20.0,0,,,,,,,10,20,,,,,,,,,
30/04/2021 14:25:53,,2,0.017139349386688884,0.004491576420597608,,,20.0,0,,,,,,,10,20,,,,,,,,,
30/04/2021 14:25:53,,1,0.008569674789206361,0.0,,,10.0,0,,,,,,,10,20,,,,,,,,,
30/04/2021 14:25:54,,2,0.01723199451572658,0.004491576420597608,,,20.0,0,,,,,,,10,20,,,,,,,,,
30/04/2021 14:25:54,,1,0.00861599735529004,0.0,,,10.0,0,,,,,,,10,20,,,,,,,,,
30/04/2021 14:25:55,,2,0.017324639644713383,0.004491576420597608,,,20.0,0,,,,,,,10,20,,,,,,,,,
30/04/2021 14:25:55,,1,0.008662319921348275,0.0,,,10.0,0,,,,,,,10,20,,,,,,,,,
30/04/2021 14:25:56,,1,0.008708642487431955,0.0,,,10.0,0,,,,,,,10,20,,,,,,,,,
30/04/2021 14:25:56,,2,0.0174172847736493,0.004491576420597608,,,20.0,0,,,,,,,10,20,,,,,,,,,
30/04/2021 14:25:57,,1,0.008754965053490191,0.0,,,10.0,0,,,,,,,10,20,,,,,,,,,
30/04/2021 14:25:57,,2,0.017509929902547048,0.004491576420597608,,,20.0,0,,,,,,,10,20,,,,,,,,,
30/04/2021 14:25:58,,1,0.008801287619535704,0.0,,,10.0,0,,,,,,,10,20,,,,,,,,,
30/04/2021 14:25:58,,2,0.017602575031406633,0.004491576420597608,,,20.0,0,,,,,,,10,20,,,,,,,,,
30/04/2021 14:25:59,,1,0.00884761018559394,0.0,,,10.0,0,,,,,,,10,20,,,,,,,,,
30/04/2021 14:25:59,,2,0.017695220160215325,0.004491576420597608,,,20.0,0,,,,,,,10,20,,,,,,,,,
30/04/2021 14:26:00,,2,0.01778786528897313,0.004491576420597608,,,20.0,0,,,,,,,10,20,,,,,,,,,
30/04/2021 14:26:00,,1,0.008893932751639452,0.0,,,10.0,0,,,,,,,10,20,,,,,,,,,
30/04/2021 14:26:01,,2,0.017880510417680046,0.004491576420597608,,,20.0,0,,,,,,,10,20,,,,,,,,,
30/04/2021 14:26:01,,1,0.008940255317684966,0.0,,,10.0,0,,,,,,,10,20,,,,,,,,,
30/04/2021 14:26:02,,2,0.01797315554636152,0.004491576420597608,,,20.0,0,,,,,,,10,20,,,,,,,,,
30/04/2021 14:26:02,,1,0.008986577883717756,0.0,,,10.0,0,,,,,,,10,20,,,,,,,,,
30/04/2021 14:26:03,,1,0.009032900449750548,0.0,,,10.0,0,,,,,,,10,20,,,,,,,,,
30/04/2021 14:26:03,,2,0.01806580067496666,0.004491576420597608,,,20.0,0,,,,,,,10,20,,,,,,,,,
30/04/2021 14:26:04,,1,0.009079223015757894,0.0,,,10.0,0,,,,,,,10,20,,,,,,,,,
30/04/2021 14:26:04,,2,0.01815844580354635,0.004491576420597608,,,20.0,0,,,,,,,10,20,,,,,,,,,
30/04/2021 14:26:05,,1,0.009125545581777963,0.0,,,10.0,0,,,,,,,10,20,,,,,,,,,
30/04/2021 14:26:05,,2,0.018251090932075158,0.004491576420597608,,,20.0,0,,,,,,,10,20,,,,,,,,,
30/04/2021 14:26:06,,2,0.018343736060553072,0.004491576420597608,,,20.0,0,,,,,,,10,20,,,,,,,,,
30/04/2021 14:26:06,,1,0.00917186814778531,0.0,,,10.0,0,,,,,,,10,20,,,,,,,,,
30/04/2021 14:26:07,,2,0.0184363811889801,0.004491576420597608,,,20.0,0,,,,,,,10,20,,,,,,,,,
30/04/2021 14:26:07,,1,0.009218190713805379,0.0,,,10.0,0,,,,,,,10,20,,,,,,,,,
30/04/2021 14:26:08,,2,0.01852902631735624,0.004491576420597608,,,20.0,0,,,,,,,10,20,,,,,,,,,
30/04/2021 14:26:08,,1,0.00926451327978728,0.0,,,10.0,0,,,,,,,10,20,,,,,,,,,
30/04/2021 14:26:09,,2,0.01862167144569421,0.004491576420597608,,,20.0,0,,,,,,,10,20,,,,,,,,,
30/04/2021 14:26:09,,1,0.009310835845781905,0.0,,,10.0,0,,,,,,,10,20,,,,,,,,,
30/04/2021 14:26:10,,2,0.018714316573968572,0.004491576420597608,,,20.0,0,,,,,,,10,20,,,,,,,,,
30/04/2021 14:26:10,,1,0.009357158411776529,0.0,,,10.0,0,,,,,,,10,20,,,,,,,,,
30/04/2021 14:26:11,,1,0.00940348097774571,0.0,,,10.0,0,,,,,,,10,20,,,,,,,,,
30/04/2021 14:26:11,,2,0.018806961702204764,0.004491576420597608,,,20.0,0,,,,,,,10,20,,,,,,,,,
30/04/2021 14:26:12,,1,0.009449803543727611,0.0,,,10.0,0,,,,,,,10,20,,,,,,,,,
30/04/2021 14:26:12,,2,0.01889960683040279,0.004491576420597608,,,20.0,0,,,,,,,10,20,,,,,,,,,
30/04/2021 14:26:13,,2,0.01899225195853721,0.004491576420597608,,,20.0,0,,,,,,,10,20,,,,,,,,,
30/04/2021 14:26:13,,1,0.00949612610969679,0.0,,,10.0,0,,,,,,,10,20,,,,,,,,,
30/04/2021 14:26:14,,1,0.009542448675653249,0.0,,,10.0,0,,,,,,,10,20,,,,,,,,,
30/04/2021 14:26:14,,2,0.019084897086620735,0.004491576420597608,,,20.0,0,,,,,,,10,20,,,,,,,,,
30/04/2021 14:26:15,,2,0.019177542214653374,0.004491576420597608,,,20.0,0,,,,,,,10,20,,,,,,,,,
30/04/2021 14:26:15,,1,0.009588771241609706,0.0,,,10.0,0,,,,,,,10,20,,,,,,,,,
30/04/2021 14:26:16,,2,0.019270187342635123,0.004491576420597608,,,20.0,0,,,,,,,10,20,,,,,,,,,
30/04/2021 14:26:16,,1,0.009635093807566164,0.0,,,10.0,0,,,,,,,10,20,,,,,,,,,
30/04/2021 14:26:17,,2,0.019362832470578708,0.004491576420597608,,,20.0,0,,,,,,,10,20,,,,,,,,,
30/04/2021 14:26:17,,1,0.009681416373497178,0.0,,,10.0,0,,,,,,,10,20,,,,,,,,,
30/04/2021 14:26:18,,1,0.009727738939440912,0.0,,,10.0,0,,,,,,,10,20,,,,,,,,,
30/04/2021 14:26:18,,2,0.01945547759845868,0.004491576420597608,,,20.0,0,,,,,,,10,20,,,,,,,,,
30/04/2021 14:26:19,,2,0.019548122726300486,0.004491576420597608,,,20.0,0,,,,,,,10,20,,,,,,,,,
30/04/2021 14:26:19,,1,0.009774061505371925,0.0,,,10.0,0,,,,,,,10,20,,,,,,,,,
30/04/2021 14:26:20,,1,0.009820384071290216,0.0,,,10.0,0,,,,,,,10,20,,,,,,,,,
30/04/2021 14:26:20,,2,0.01964076785407868,0.004491576420597608,,,20.0,0,,,,,,,10,20,,,,,,,,,
30/04/2021 14:26:21,,1,0.009866706637208508,0.0,,,10.0,0,,,,,,,10,20,,,,,,,,,
30/04/2021 14:26:21,,2,0.019733412981818705,0.004491576420597608,,,20.0,0,,,,,,,10,20,,,,,,,,,
30/04/2021 14:26:22,,2,0.019826058109495122,0.004491576420597608,,,20.0,0,,,,,,,10,20,,,,,,,,,
30/04/2021 14:26:22,,1,0.009913029203126799,0.0,,,10.0,0,,,,,,,10,20,,,,,,,,,
30/04/2021 14:26:23,,2,0.01991870323713337,0.004491576420597608,,,20.0,0,,,,,,,10,20,,,,,,,,,
30/04/2021 14:26:23,,1,0.009959351769032367,0.0,,,10.0,0,,,,,,,10,20,,,,,,,,,
30/04/2021 14:26:24,,1,0.010005674334925213,0.0,,,10.0,0,,,,,,,10,20,,,,,,,,,
30/04/2021 14:26:24,,2,0.020011348364708012,0.004491576420597608,,,20.0,0,,,,,,,10,20,,,,,,,,,
30/04/2021 14:26:25,,2,0.02010399349223176,0.004491576420597608,,,20.0,0,,,,,,,10,20,,,,,,,,,
30/04/2021 14:26:25,,1,0.01005199690081806,0.0,,,10.0,0,,,,,,,10,20,,,,,,,,,
30/04/2021 14:26:26,,1,0.010098319466698185,0.0,,,10.0,0,,,,,,,10,20,,,,,,,,,
30/04/2021 14:26:26,,2,0.02019663861970462,0.004491576420597608,,,20.0,0,,,,,,,10,20,,,,,,,,,
30/04/2021 14:26:27,,1,0.010144642032578309,0.0,,,10.0,0,,,,,,,10,20,,,,,,,,,
30/04/2021 14:26:27,,2,0.020289283747126595,0.004491576420597608,,,20.0,0,,,,,,,10,20,,,,,,,,,
30/04/2021 14:26:28,,1,0.010190964598445712,0.0,,,10.0,0,,,,,,,10,20,,,,,,,,,
30/04/2021 14:26:28,,2,0.020381928874484954,0.004491576420597608,,,20.0,0,,,,,,,10,20,,,,,,,,,
30/04/2021 14:26:29,,1,0.010237287164313113,0.0,,,10.0,0,,,,,,,10,20,,,,,,,,,
30/04/2021 14:26:29,,2,0.02047457400180515,0.004491576420597608,,,20.0,0,,,,,,,10,20,,,,,,,,,
30/04/2021 14:26:30,,1,0.010283609730167793,0.0,,,10.0,0,,,,,,,10,20,,,,,,,,,
30/04/2021 14:26:30,,2,0.02056721912904901,0.004491576420597608,,,20.0,0,,,,,,,10,20,,,,,,,,,
30/04/2021 14:26:31,,1,0.010329932296022472,0.0,,,10.0,0,,,,,,,10,20,,,,,,,,,
30/04/2021 14:26:31,,2,0.020659864256267427,0.004491576420597608,,,20.0,0,,,,,,,10,20,,,,,,,,,
30/04/2021 14:26:32,,2,0.020752509383422234,0.004491576420597608,,,20.0,0,,,,,,,10,20,,,,,,,,,
30/04/2021 14:26:32,,1,0.01037625486186443,0.0,,,10.0,0,,,,,,,10,20,,,,,,,,,
30/04/2021 14:26:33,,2,0.020845154510513428,0.004491576420597608,,,20.0,0,,,,,,,10,20,,,,,,,,,
30/04/2021 14:26:33,,1,0.010422577427706388,0.0,,,10.0,0,,,,,,,10,20,,,,,,,,,
30/04/2021 14:26:34,,1,0.010468899993535624,0.0,,,10.0,0,,,,,,,10,20,,,,,,,,,
30/04/2021 14:26:34,,2,0.020937799637566454,0.004491576420597608,,,20.0,0,,,,,,,10,20,,,,,,,,,
30/04/2021 14:26:35,,2,0.021030444764555872,0.004491576420597608,,,20.0,0,,,,,,,10,20,,,,,,,,,
30/04/2021 14:26:35,,1,0.01051522255936486,0.0,,,10.0,0,,,,,,,10,20,,,,,,,,,
30/04/2021 14:26:36,,1,0.01056154512516865,0.0,,,10.0,0,,,,,,,10,20,,,,,,,,,
30/04/2021 14:26:36,,2,0.021123089891481678,0.004491576420597608,,,20.0,0,,,,,,,10,20,,,,,,,,,
30/04/2021 14:26:37,,1,0.010607867690985163,0.0,,,10.0,0,,,,,,,10,20,,,,,,,,,
30/04/2021 14:26:37,,2,0.021215735018369316,0.004491576420597608,,,20.0,0,,,,,,,10,20,,,,,,,,,
30/04/2021 14:26:38,,1,0.010654190256788954,0.0,,,10.0,0,,,,,,,10,20,,,,,,,,,
30/04/2021 14:26:38,,2,0.02130838014518062,0.004491576420597608,,,20.0,0,,,,,,,10,20,,,,,,,,,
30/04/2021 14:26:39,,1,0.010700512822592744,0.0,,,10.0,0,,,,,,,10,20,,,,,,,,,
30/04/2021 14:26:39,,2,0.02140102527195376,0.004491576420597608,,,20.0,0,,,,,,,10,20,,,,,,,,,
30/04/2021 14:26:40,,1,0.010746835388371092,0.0,,,10.0,0,,,,,,,10,20,,,,,,,,,
30/04/2021 14:26:40,,2,0.021493670398650567,0.004491576420597608,,,20.0,0,,,,,,,10,20,,,,,,,,,
30/04/2021 14:26:41,,2,0.021586315525309204,0.004491576420597608,,,20.0,0,,,,,,,10,20,,,,,,,,,
30/04/2021 14:26:41,,1,0.010793157954149438,0.0,,,10.0,0,,,,,,,10,20,,,,,,,,,
30/04/2021 14:26:42,,1,0.010839480519940508,0.0,,,10.0,0,,,,,,,10,20,,,,,,,,,
30/04/2021 14:26:42,,2,0.021678960651916955,0.004491576420597608,,,20.0,0,,,,,,,10,20,,,,,,,,,
30/04/2021 14:26:43,,2,0.021771605778461094,0.004491576420597608,,,20.0,0,,,,,,,10,20,,,,,,,,,
30/04/2021 14:26:43,,1,0.010885803085706131,0.0,,,10.0,0,,,,,,,10,20,,,,,,,,,
30/04/2021 14:26:44,,2,0.02186425090494162,0.004491576420597608,,,20.0,0,,,,,,,10,20,,,,,,,,,
30/04/2021 14:26:44,,1,0.010932125651459033,0.0,,,10.0,0,,,,,,,10,20,,,,,,,,,
30/04/2021 14:26:45,,2,0.02195689603137126,0.004491576420597608,,,20.0,0,,,,,,,10,20,,,,,,,,,
30/04/2021 14:26:45,,1,0.010978448217211936,0.0,,,10.0,0,,,,,,,10,20,,,,,,,,,
30/04/2021 14:26:46,,1,0.011024770782964839,0.0,,,10.0,0,,,,,,,10,20,,,,,,,,,
30/04/2021 14:26:46,,2,0.022049541157737287,0.004491576420597608,,,20.0,0,,,,,,,10,20,,,,,,,,,
30/04/2021 14:26:47,,1,0.011071093348705019,0.0,,,10.0,0,,,,,,,10,20,,,,,,,,,
30/04/2021 14:26:47,,2,0.022142186284039706,0.004491576420597608,,,20.0,0,,,,,,,10,20,,,,,,,,,
30/04/2021 14:26:48,,1,0.011117415914445197,0.0,,,10.0,0,,,,,,,10,20,,,,,,,,,
30/04/2021 14:26:48,,2,0.022234831410303954,0.004491576420597608,,,20.0,0,,,,,,,10,20,,,,,,,,,
30/04/2021 14:26:49,,2,0.02232747653649187,0.004491576420597608,,,20.0,0,,,,,,,10,20,,,,,,,,,
30/04/2021 14:26:49,,1,0.011163738480159934,0.0,,,10.0,0,,,,,,,10,20,,,,,,,,,
30/04/2021 14:26:50,,2,0.022420121662641623,0.004491576420597608,,,20.0,0,,,,,,,10,20,,,,,,,,,
30/04/2021 14:26:50,,1,0.011210061045887391,0.0,,,10.0,0,,,,,,,10,20,,,,,,,,,
30/04/2021 14:26:51,,1,0.011256383611589404,0.0,,,10.0,0,,,,,,,10,20,,,,,,,,,
30/04/2021 14:26:51,,2,0.022512766788715038,0.004491576420597608,,,20.0,0,,,,,,,10,20,,,,,,,,,
30/04/2021 14:26:52,,2,0.022605411914737566,0.004491576420597608,,,20.0,0,,,,,,,10,20,,,,,,,,,
30/04/2021 14:26:52,,1,0.011302706177291417,0.0,,,10.0,0,,,,,,,10,20,,,,,,,,,
30/04/2021 14:26:53,,1,0.011349028742993431,0.0,,,10.0,0,,,,,,,10,20,,,,,,,,,
30/04/2021 14:26:53,,2,0.022698057040696485,0.004491576420597608,,,20.0,0,,,,,,,10,20,,,,,,,,,
30/04/2021 14:26:54,,1,0.011395351308682721,0.0,,,10.0,0,,,,,,,10,20,,,,,,,,,
30/04/2021 14:26:54,,2,0.02279070216660451,0.004491576420597608,,,20.0,0,,,,,,,10,20,,,,,,,,,
30/04/2021 14:26:55,,1,0.011441673874359291,0.0,,,10.0,0,,,,,,,10,20,,,,,,,,,
30/04/2021 14:26:55,,2,0.022883347292436206,0.004491576420597608,,,20.0,0,,,,,,,10,20,,,,,,,,,
30/04/2021 14:26:56,,1,0.011487996440035859,0.0,,,10.0,0,,,,,,,10,20,,,,,,,,,
30/04/2021 14:26:56,,2,0.022975992418217014,0.004491576420597608,,,20.0,0,,,,,,,10,20,,,,,,,,,
30/04/2021 14:26:57,,2,0.02306863754394693,0.004491576420597608,,,20.0,0,,,,,,,10,20,,,,,,,,,
30/04/2021 14:26:57,,1,0.011534319005699706,0.0,,,10.0,0,,,,,,,10,20,,,,,,,,,
30/04/2021 14:26:58,,2,0.023161282669613235,0.004491576420597608,,,20.0,0,,,,,,,10,20,,,,,,,,,
30/04/2021 14:26:58,,1,0.01158064157135083,0.0,,,10.0,0,,,,,,,10,20,,,,,,,,,
30/04/2021 14:26:59,,1,0.011626964137001955,0.0,,,10.0,0,,,,,,,10,20,,,,,,,,,
30/04/2021 14:26:59,,2,0.02325392779521593,0.004491576420597608,,,20.0,0,,,,,,,10,20,,,,,,,,,
30/04/2021 14:27:00,,2,0.023346572920755013,0.004491576420597608,,,20.0,0,,,,,,,10,20,,,,,,,,,
30/04/2021 14:27:00,,1,0.01167328670265308,0.0,,,10.0,0,,,,,,,10,20,,,,,,,,,
30/04/2021 14:27:01,,1,0.011719609268291482,0.0,,,10.0,0,,,,,,,10,20,,,,,,,,,
30/04/2021 14:27:01,,2,0.02343921804624321,0.004491576420597608,,,20.0,0,,,,,,,10,20,,,,,,,,,
30/04/2021 14:27:02,,1,0.011765931833917161,0.0,,,10.0,0,,,,,,,10,20,,,,,,,,,
30/04/2021 14:27:02,,2,0.02353186317165507,0.004491576420597608,,,20.0,0,,,,,,,10,20,,,,,,,,,
30/04/2021 14:27:03,,1,0.011812254399530119,0.0,,,10.0,0,,,,,,,10,20,,,,,,,,,
30/04/2021 14:27:03,,2,0.02362450829700332,0.004491576420597608,,,20.0,0,,,,,,,10,20,,,,,,,,,
30/04/2021 14:27:04,,2,0.023717153422300682,0.004491576420597608,,,20.0,0,,,,,,,10,20,,,,,,,,,
30/04/2021 14:27:04,,1,0.011858576965155798,0.0,,,10.0,0,,,,,,,10,20,,,,,,,,,
30/04/2021 14:27:05,,2,0.02380979854753443,0.004491576420597608,,,20.0,0,,,,,,,10,20,,,,,,,,,
30/04/2021 14:27:05,,1,0.011904899530743312,0.0,,,10.0,0,,,,,,,10,20,,,,,,,,,
30/04/2021 14:27:06,,2,0.02390244367270457,0.004491576420597608,,,20.0,0,,,,,,,10,20,,,,,,,,,
30/04/2021 14:27:06,,1,0.01195122209635627,0.0,,,10.0,0,,,,,,,10,20,,,,,,,,,
30/04/2021 14:27:07,,1,0.011997544661943783,0.0,,,10.0,0,,,,,,,10,20,,,,,,,,,
30/04/2021 14:27:07,,2,0.0239950887978111,0.004491576420597608,,,20.0,0,,,,,,,10,20,,,,,,,,,
30/04/2021 14:27:08,,1,0.012043867227518575,0.0,,,10.0,0,,,,,,,10,20,,,,,,,,,
30/04/2021 14:27:08,,2,0.024087733922866738,0.004491576420597608,,,20.0,0,,,,,,,10,20,,,,,,,,,
30/04/2021 14:27:09,,2,0.024180379047846045,0.004491576420597608,,,20.0,0,,,,,,,10,20,,,,,,,,,
30/04/2021 14:27:09,,1,0.012090189793093365,0.0,,,10.0,0,,,,,,,10,20,,,,,,,,,
30/04/2021 14:27:10,,1,0.012136512358668156,0.0,,,10.0,0,,,,,,,10,20,,,,,,,,,
30/04/2021 14:27:10,,2,0.024273024172774462,0.004491576420597608,,,20.0,0,,,,,,,10,20,,,,,,,,,
30/04/2021 14:27:11,,1,0.01218283492420478,0.0,,,10.0,0,,,,,,,10,20,,,,,,,,,
30/04/2021 14:27:11,,2,0.024365669297626548,0.004491576420597608,,,20.0,0,,,,,,,10,20,,,,,,,,,
30/04/2021 14:27:12,,1,0.01222915748976685,0.0,,,10.0,0,,,,,,,10,20,,,,,,,,,
30/04/2021 14:27:12,,2,0.024458314422402296,0.004491576420597608,,,20.0,0,,,,,,,10,20,,,,,,,,,
30/04/2021 14:27:13,,2,0.024550959547139883,0.004491576420597608,,,20.0,0,,,,,,,10,20,,,,,,,,,
30/04/2021 14:27:13,,1,0.012275480055303474,0.0,,,10.0,0,,,,,,,10,20,,,,,,,,,
30/04/2021 14:27:14,,1,0.012321802620840098,0.0,,,10.0,0,,,,,,,10,20,,,,,,,,,
30/04/2021 14:27:14,,2,0.02464360467180113,0.004491576420597608,,,20.0,0,,,,,,,10,20,,,,,,,,,
30/04/2021 14:27:15,,2,0.024736249796411494,0.004491576420597608,,,20.0,0,,,,,,,10,20,,,,,,,,,
30/04/2021 14:27:15,,1,0.012368125186364001,0.0,,,10.0,0,,,,,,,10,20,,,,,,,,,
30/04/2021 14:27:16,,2,0.024828894920945522,0.004491576420597608,,,20.0,0,,,,,,,10,20,,,,,,,,,
30/04/2021 14:27:16,,1,0.012414447751887903,0.0,,,10.0,0,,,,,,,10,20,,,,,,,,,
30/04/2021 14:27:17,,2,0.024921540045415937,0.004491576420597608,,,20.0,0,,,,,,,10,20,,,,,,,,,
30/04/2021 14:27:17,,1,0.012460770317399082,0.0,,,10.0,0,,,,,,,10,20,,,,,,,,,
30/04/2021 14:27:18,,1,0.012507092882884818,0.0,,,10.0,0,,,,,,,10,20,,,,,,,,,
30/04/2021 14:27:18,,2,0.02501418516981002,0.004491576420597608,,,20.0,0,,,,,,,10,20,,,,,,,,,
30/04/2021 14:27:19,,1,0.012553415448383277,0.0,,,10.0,0,,,,,,,10,20,,,,,,,,,
30/04/2021 14:27:19,,2,0.02510683029415322,0.004491576420597608,,,20.0,0,,,,,,,10,20,,,,,,,,,
30/04/2021 14:27:20,,1,0.012599738013881734,0.0,,,10.0,0,,,,,,,10,20,,,,,,,,,
30/04/2021 14:27:20,,2,0.0251994754184328,0.004491576420597608,,,20.0,0,,,,,,,10,20,,,,,,,,,
30/04/2021 14:27:21,,2,0.025292120542636052,0.004491576420597608,,,20.0,0,,,,,,,10,20,,,,,,,,,
30/04/2021 14:27:21,,1,0.012646060579342025,0.0,,,10.0,0,,,,,,,10,20,,,,,,,,,
30/04/2021 14:27:22,,1,0.012692383144815038,0.0,,,10.0,0,,,,,,,10,20,,,,,,,,,
30/04/2021 14:27:22,,2,0.025384765666775694,0.004491576420597608,,,20.0,0,,,,,,,10,20,,,,,,,,,
30/04/2021 14:27:23,,2,0.025477410790864442,0.004491576420597608,,,20.0,0,,,,,,,10,20,,,,,,,,,
30/04/2021 14:27:23,,1,0.01273870571027533,0.0,,,10.0,0,,,,,,,10,20,,,,,,,,,
30/04/2021 14:27:24,,1,0.01278502827573562,0.0,,,10.0,0,,,,,,,10,20,,,,,,,,,
30/04/2021 14:27:24,,2,0.025570055914864137,0.004491576420597608,,,20.0,0,,,,,,,10,20,,,,,,,,,
30/04/2021 14:27:25,,2,0.025662701038800223,0.004491576420597608,,,20.0,0,,,,,,,10,20,,,,,,,,,
30/04/2021 14:27:25,,1,0.012831350841170467,0.0,,,10.0,0,,,,,,,10,20,,,,,,,,,
30/04/2021 14:27:26,,1,0.012877673406605315,0.0,,,10.0,0,,,,,,,10,20,,,,,,,,,
30/04/2021 14:27:26,,2,0.02575534616268542,0.004491576420597608,,,20.0,0,,,,,,,10,20,,,,,,,,,
30/04/2021 14:27:27,,2,0.02584799128649428,0.004491576420597608,,,20.0,0,,,,,,,10,20,,,,,,,,,
30/04/2021 14:27:27,,1,0.01292399597204016,0.0,,,10.0,0,,,,,,,10,20,,,,,,,,,
30/04/2021 14:27:28,,2,0.025940636410226807,0.004491576420597608,,,20.0,0,,,,,,,10,20,,,,,,,,,
30/04/2021 14:27:28,,1,0.012970318537449562,0.0,,,10.0,0,,,,,,,10,20,,,,,,,,,
30/04/2021 14:27:29,,2,0.026033281533908447,0.004491576420597608,,,20.0,0,,,,,,,10,20,,,,,,,,,
30/04/2021 14:27:29,,1,0.013016641102858965,0.0,,,10.0,0,,,,,,,10,20,,,,,,,,,
30/04/2021 14:27:30,,1,0.013062963668268368,0.0,,,10.0,0,,,,,,,10,20,,,,,,,,,
30/04/2021 14:27:30,,2,0.026125926657501033,0.004491576420597608,,,20.0,0,,,,,,,10,20,,,,,,,,,
30/04/2021 14:27:31,,2,0.026218571781042727,0.004491576420597608,,,20.0,0,,,,,,,10,20,,,,,,,,,
30/04/2021 14:27:31,,1,0.013109286233652324,0.0,,,10.0,0,,,,,,,10,20,,,,,,,,,
30/04/2021 14:27:32,,2,0.02631121690450809,0.004491576420597608,,,20.0,0,,,,,,,10,20,,,,,,,,,
30/04/2021 14:27:32,,1,0.013155608799036283,0.0,,,10.0,0,,,,,,,10,20,,,,,,,,,
30/04/2021 14:27:33,,2,0.02640386202790984,0.004491576420597608,,,20.0,0,,,,,,,10,20,,,,,,,,,
30/04/2021 14:27:33,,1,0.01320193136442024,0.0,,,10.0,0,,,,,,,10,20,,,,,,,,,
30/04/2021 14:27:34,,1,0.013248253929778754,0.0,,,10.0,0,,,,,,,10,20,,,,,,,,,
30/04/2021 14:27:34,,2,0.026496507151247982,0.004491576420597608,,,20.0,0,,,,,,,10,20,,,,,,,,,
30/04/2021 14:27:35,,2,0.026589152274497065,0.004491576420597608,,,20.0,0,,,,,,,10,20,,,,,,,,,
30/04/2021 14:27:35,,1,0.013294576495137267,0.0,,,10.0,0,,,,,,,10,20,,,,,,,,,
30/04/2021 14:27:36,,2,0.02668179739768254,0.004491576420597608,,,20.0,0,,,,,,,10,20,,,,,,,,,
30/04/2021 14:27:36,,1,0.01334089906048306,0.0,,,10.0,0,,,,,,,10,20,,,,,,,,,
30/04/2021 14:27:37,,2,0.0267744425208044,0.004491576420597608,,,20.0,0,,,,,,,10,20,,,,,,,,,
30/04/2021 14:27:37,,1,0.01338722162582885,0.0,,,10.0,0,,,,,,,10,20,,,,,,,,,
30/04/2021 14:27:38,,2,0.026867087643862652,0.004491576420597608,,,20.0,0,,,,,,,10,20,,,,,,,,,
30/04/2021 14:27:38,,1,0.013433544191161918,0.0,,,10.0,0,,,,,,,10,20,,,,,,,,,
30/04/2021 14:27:39,,2,0.02695973276684457,0.004491576420597608,,,20.0,0,,,,,,,10,20,,,,,,,,,
30/04/2021 14:27:39,,1,0.013479866756482266,0.0,,,10.0,0,,,,,,,10,20,,,,,,,,,
30/04/2021 14:27:40,,2,0.027052377889750154,0.004491576420597608,,,20.0,0,,,,,,,10,20,,,,,,,,,
30/04/2021 14:27:40,,1,0.013526189321802612,0.0,,,10.0,0,,,,,,,10,20,,,,,,,,,
30/04/2021 14:27:41,,2,0.027145023012592126,0.004491576420597608,,,20.0,0,,,,,,,10,20,,,,,,,,,
30/04/2021 14:27:41,,1,0.013572511887110237,0.0,,,10.0,0,,,,,,,10,20,,,,,,,,,
30/04/2021 14:27:42,,1,0.01361883445240514,0.0,,,10.0,0,,,,,,,10,20,,,,,,,,,
30/04/2021 14:27:42,,2,0.027237668135357766,0.004491576420597608,,,20.0,0,,,,,,,10,20,,,,,,,,,
30/04/2021 14:27:43,,2,0.027330313258059794,0.004491576420597608,,,20.0,0,,,,,,,10,20,,,,,,,,,
30/04/2021 14:27:43,,1,0.01366515701768732,0.0,,,10.0,0,,,,,,,10,20,,,,,,,,,
30/04/2021 14:27:44,,2,0.02742295838068549,0.004491576420597608,,,20.0,0,,,,,,,10,20,,,,,,,,,
30/04/2021 14:27:44,,1,0.0137114795829695,0.0,,,10.0,0,,,,,,,10,20,,,,,,,,,
30/04/2021 14:27:45,,2,0.027515603503234853,0.004491576420597608,,,20.0,0,,,,,,,10,20,,,,,,,,,
30/04/2021 14:27:45,,1,0.013757802148238957,0.0,,,10.0,0,,,,,,,10,20,,,,,,,,,
30/04/2021 14:27:46,,2,0.027608248625720606,0.004491576420597608,,,20.0,0,,,,,,,10,20,,,,,,,,,
30/04/2021 14:27:46,,1,0.013804124713495692,0.0,,,10.0,0,,,,,,,10,20,,,,,,,,,
30/04/2021 14:27:47,,1,0.013850447278752427,0.0,,,10.0,0,,,,,,,10,20,,,,,,,,,
30/04/2021 14:27:47,,2,0.027700893748142746,0.004491576420597608,,,20.0,0,,,,,,,10,20,,,,,,,,,
